{
    "start_point": [
        100,
        100
    ],
    "finish_points": [
        {
            "x": 445,
            "y": 151,
            "width": 50,
            "height": 50
        }
    ],
    "platforms": [
        {
            "x": 91,
            "y": 204,
            "width": 100,
            "height": 20
        },
        {
            "x": 301,
            "y": 210,
            "width": 100,
            "height": 20
        }
    ],
    "obstacles": [
        {
            "x": 225,
            "y": 166,
            "width": 50,
            "height": 50
        }
    ]
}