{
    "start_point": [
        100,
        100
    ],
    "finish_points": [
        {
            "x": 1022,
            "y": 310,
            "width": 50,
            "height": 50
        }
    ],
    "platforms": [
        {
            "x": 86,
            "y": 159,
            "width": 100,
            "height": 20
        },
        {
            "x": 287,
            "y": 250,
            "width": 100,
            "height": 20
        },
        {
            "x": 487,
            "y": 170,
            "width": 100,
            "height": 20
        },
        {
            "x": 674,
            "y": 527,
            "width": 100,
            "height": 20
        },
        {
            "x": 869,
            "y": 440,
            "width": 100,
            "height": 20
        }
    ],
    "obstacles": [
        {
            "x": 713,
            "y": 0,
            "width": 50,
            "height": 414
        }
    ]
}