{
    "start_point": [
        100,
        100
    ],
    "finish_points": [
        {
            "x": 523,
            "y": 68,
            "width": 50,
            "height": 50
        }
    ],
    "platforms": [
        {
            "x": 91,
            "y": 145,
            "width": 100,
            "height": 20
        },
        {
            "x": 242,
            "y": 210,
            "width": 100,
            "height": 20
        },
        {
            "x": 407,
            "y": 130,
            "width": 100,
            "height": 20
        }
    ],
    "obstacles": [
        {
            "x": 191,
            "y": 165,
            "width": 50,
            "height": 50
        }
    ]
}